,Unnamed: 0,Unnamed: 0.1,match_id,Pt,Set1,Set2,Gm1,Gm2,Pts,Gm#,TbSet,TB?,TBpt,Svr,Ret,Serving,1st,2nd,Notes,1stSV,2ndSV,1stNoSV,2ndNoSV,1stIn,2ndIn,isRally1st,isRally2nd,Sv1,Sv2,Rally,isAce,isUnret,isRallyWinner,isForced,isUnforced,isDouble,rallyNoSpec,rallyNoError,rallyNoDirection,rallyLen,PtWinner,isSvrWinner,PtsAfter,GmW,Gm1.1,Gm2.1,SetW,Set1.1,Set2.1,rallyCount,PtsServer,PtsRet,Date,Gender,City,Round,P1Name,P2Name,bigmatchflag,IsCrucialPoint,abouttowin,winorsave,PointType,ClutchPlayer,ClutchPlayerWon,ClutchPlayerLost
27,27,27,20200116-M-Auckland-QF-Hubert_Hurkacz-Feliciano_Lopez,28,0,0,3.0,2.0,0-40,6 (4),1,0,,2,1,FL,6d,5f29f29b28f29b17s19f18b19f18f18r18f+39m1o17*,,0,0.0,6d,5f29f29b28f29b17s19f18b19f18f18r18f+39m1o17*,0,1.0,0,1,6d,5,f29f29b28f29b17s19f18b19f18f18r18f+39m1o17*,False,False,True,False,False,False,f29f29b28f29b17s19f18b19f18f18r18f39m1o17,f29f29b28f29b17s19f18b19f18f18r18f39m1o17,ffbfbsfbffrfmo,14,2,1,15-40,0,3,2,0,0,0,15,0,40,20200116,M,Auckland,QF,Hubert_Hurkacz,Feliciano_Lopez,,True,1,Save,BreakPoint,Feliciano_Lopez,Feliciano_Lopez,Hubert_Hurkacz
28,28,28,20200116-M-Auckland-QF-Hubert_Hurkacz-Feliciano_Lopez,29,0,0,3.0,2.0,15-40,6 (5),1,0,,2,1,FL,4+x,5+b3#,,1,1.0,4x,5b3#,0,1.0,0,1,4+x,5,b3#,False,False,False,True,False,False,b3,b3,b,1,2,1,30-40,0,3,2,0,0,0,1,15,40,20200116,M,Auckland,QF,Hubert_Hurkacz,Feliciano_Lopez,,True,1,Save,BreakPoint,Feliciano_Lopez,Feliciano_Lopez,Hubert_Hurkacz
29,29,29,20200116-M-Auckland-QF-Hubert_Hurkacz-Feliciano_Lopez,30,0,0,3.0,2.0,30-40,6 (6),1,0,,2,1,FL,4+s27y-17r-1z38*,,,1,,4s27y-17r-1z38*,,1,,1,0,4,,s27y-17r-1z38*,False,False,True,False,False,False,s27y17r1z38,s27y17r1z38,syrz,4,2,1,40-40,0,3,2,0,0,0,5,30,40,20200116,M,Auckland,QF,Hubert_Hurkacz,Feliciano_Lopez,,True,1,Save,BreakPoint,Feliciano_Lopez,Feliciano_Lopez,Hubert_Hurkacz
31,31,31,20200116-M-Auckland-QF-Hubert_Hurkacz-Feliciano_Lopez,32,0,0,3.0,2.0,40-AD,6 (8),1,0,,2,1,FL,6n,4b28f18r27f-3d@,,0,0.0,6n,4b28f18r27f-3d@,0,1.0,0,1,6n,4,b28f18r27f-3d@,False,False,False,False,True,False,b28f18r27f3d,b28f18r27f3,bfrf,4,1,0,GM,1,4,2,0,0,0,4,40,50,20200116,M,Auckland,QF,Hubert_Hurkacz,Feliciano_Lopez,,True,1,Win,BreakPoint,Hubert_Hurkacz,Hubert_Hurkacz,Feliciano_Lopez
35,35,35,20200116-M-Auckland-QF-Hubert_Hurkacz-Feliciano_Lopez,36,0,0,4.0,2.0,0-40,7 (4),1,0,,1,2,HH,6w,5f29f38f28b38r29f39f28b1n@,,0,0.0,6w,5f29f38f28b38r29f39f28b1n@,0,1.0,0,1,6w,5,f29f38f28b38r29f39f28b1n@,False,False,False,False,True,False,f29f38f28b38r29f39f28b1n,f29f38f28b38r29f39f28b1,fffbrffb,8,2,0,GM,2,4,3,0,0,0,8,0,40,20200116,M,Auckland,QF,Hubert_Hurkacz,Feliciano_Lopez,,True,2,Win,BreakPoint,Feliciano_Lopez,Feliciano_Lopez,Hubert_Hurkacz
49,49,49,20200116-M-Auckland-QF-Hubert_Hurkacz-Feliciano_Lopez,50,0,0,5.0,4.0,0-40,10 (4),1,0,,2,1,FL,4+s3v^37*,,,1,,4s3v^37*,,1,,1,0,4,,s3v^37*,False,False,True,False,False,False,s3v37,s3v37,sv,2,2,1,15-40,0,5,4,0,0,0,3,0,40,20200116,M,Auckland,QF,Hubert_Hurkacz,Feliciano_Lopez,,True,1,Save,SetPoint,Feliciano_Lopez,Feliciano_Lopez,Hubert_Hurkacz
50,50,50,20200116-M-Auckland-QF-Hubert_Hurkacz-Feliciano_Lopez,51,0,0,5.0,4.0,15-40,10 (5),1,0,,2,1,FL,4+l29f18r17s+39b18*,,,1,,4l29f18r17s+39b18*,,1,,1,0,4,,l29f18r17s+39b18*,False,False,True,False,False,False,l29f18r17s39b18,l29f18r17s39b18,lfrsb,5,1,0,GM,1,6,4,1,1,0,6,15,40,20200116,M,Auckland,QF,Hubert_Hurkacz,Feliciano_Lopez,,True,1,Win,SetPoint,Hubert_Hurkacz,Hubert_Hurkacz,Feliciano_Lopez
78,78,78,20200116-M-Auckland-QF-Hubert_Hurkacz-Feliciano_Lopez,79,1,0,3.0,2.0,0-40,16 (4),1,0,,2,1,FL,6*,,,0,,6*,,1,,0,0,6*,,,True,False,False,False,False,False,,,,0,2,1,15-40,0,3,2,0,1,0,1,0,40,20200116,M,Auckland,QF,Hubert_Hurkacz,Feliciano_Lopez,,True,1,Save,BreakPoint,Feliciano_Lopez,Feliciano_Lopez,Hubert_Hurkacz
79,79,79,20200116-M-Auckland-QF-Hubert_Hurkacz-Feliciano_Lopez,80,1,0,3.0,2.0,15-40,16 (5),1,0,,2,1,FL,4+f1n#,,,1,,4f1n#,,1,,1,0,4,,f1n#,False,False,False,True,False,False,f1n,f1,f,1,2,1,30-40,0,3,2,0,1,0,1,15,40,20200116,M,Auckland,QF,Hubert_Hurkacz,Feliciano_Lopez,,True,1,Save,BreakPoint,Feliciano_Lopez,Feliciano_Lopez,Hubert_Hurkacz
80,80,80,20200116-M-Auckland-QF-Hubert_Hurkacz-Feliciano_Lopez,81,1,0,3.0,2.0,30-40,16 (6),1,0,,2,1,FL,4+b2n#,,,1,,4b2n#,,1,,1,0,4,,b2n#,False,False,False,True,False,False,b2n,b2,b,1,2,1,40-40,0,3,2,0,1,0,1,30,40,20200116,M,Auckland,QF,Hubert_Hurkacz,Feliciano_Lopez,,True,1,Save,BreakPoint,Feliciano_Lopez,Feliciano_Lopez,Hubert_Hurkacz
103,103,103,20200116-M-Auckland-QF-Hubert_Hurkacz-Feliciano_Lopez,104,1,0,5.0,4.0,40-0,20 (4),1,0,,2,1,FL,5d,4b2n@,,0,0.0,5d,4b2n@,0,1.0,0,1,5d,4,b2n@,False,False,False,False,True,False,b2n,b2,b,1,2,1,GM,2,5,5,0,1,0,1,40,0,20200116,M,Auckland,QF,Hubert_Hurkacz,Feliciano_Lopez,,True,2,Win,SetPoint,Feliciano_Lopez,Feliciano_Lopez,Hubert_Hurkacz
114,114,114,20200116-M-Auckland-QF-Hubert_Hurkacz-Feliciano_Lopez,115,1,0,6.0,5.0,40-30,22 (6),1,0,,2,1,FL,6f19w#,,,0,,6f19w#,,1,,1,0,6,,f19w#,False,False,False,True,False,False,f19w,f19,f,1,2,1,GM,2,6,6,0,1,0,1,40,30,20200116,M,Auckland,QF,Hubert_Hurkacz,Feliciano_Lopez,,True,2,Win,SetPoint,Feliciano_Lopez,Feliciano_Lopez,Hubert_Hurkacz
124,124,124,20200116-M-Auckland-QF-Hubert_Hurkacz-Feliciano_Lopez,125,1,0,6.0,6.0,6-Mar,23 (10),1,1,10.0,2,1,FL,4+*,,,1,,4*,,1,,0,0,4+*,,,True,False,False,False,False,False,,,,0,2,1,6-Apr,0,6,6,0,1,0,1,6,3,20200116,M,Auckland,QF,Hubert_Hurkacz,Feliciano_Lopez,,True,1,Save,SetPoint,Feliciano_Lopez,Feliciano_Lopez,Hubert_Hurkacz
125,125,125,20200116-M-Auckland-QF-Hubert_Hurkacz-Feliciano_Lopez,126,1,0,6.0,6.0,6-Apr,23 (11),1,1,11.0,2,1,FL,6#,,,0,,6#,,1,,0,0,6#,,,False,True,False,False,False,False,,,,0,2,1,6-May,0,6,6,0,1,0,1,6,4,20200116,M,Auckland,QF,Hubert_Hurkacz,Feliciano_Lopez,,True,1,Save,SetPoint,Feliciano_Lopez,Feliciano_Lopez,Hubert_Hurkacz
126,126,126,20200116-M-Auckland-QF-Hubert_Hurkacz-Feliciano_Lopez,127,1,0,6.0,6.0,5-Jun,23 (12),1,1,12.0,1,2,HH,4f37s+1n@,,,0,,4f37s+1n@,,1,,1,0,4,,f37s+1n@,False,False,False,False,True,False,f37s1n,f37s1,fs,2,2,0,6-Jun,0,6,6,0,1,0,2,5,6,20200116,M,Auckland,QF,Hubert_Hurkacz,Feliciano_Lopez,,True,1,Save,SetPoint,Feliciano_Lopez,Feliciano_Lopez,Hubert_Hurkacz
128,128,128,20200116-M-Auckland-QF-Hubert_Hurkacz-Feliciano_Lopez,129,1,0,6.0,6.0,7-Jun,23 (14),1,1,14.0,2,1,FL,4+n,5b28f37b38f29f19s39b+18s1v28f17*,,1,0.0,4n,5b28f37b38f29f19s39b+18s1v28f17*,0,1.0,0,1,4+n,5,b28f37b38f29f19s39b+18s1v28f17*,False,False,True,False,False,False,b28f37b38f29f19s39b18s1v28f17,b28f37b38f29f19s39b18s1v28f17,bfbffsbsvf,10,2,1,7-Jul,0,6,6,0,1,0,11,7,6,20200116,M,Auckland,QF,Hubert_Hurkacz,Feliciano_Lopez,,True,1,Save,SetPoint,Feliciano_Lopez,Feliciano_Lopez,Hubert_Hurkacz
130,130,130,20200116-M-Auckland-QF-Hubert_Hurkacz-Feliciano_Lopez,131,1,0,6.0,6.0,8-Jul,23 (16),1,1,16.0,1,2,HH,4f1n#,,,0,,4f1n#,,1,,1,0,4,,f1n#,False,False,False,True,False,False,f1n,f1,f,1,1,1,8-Aug,0,6,6,0,1,0,1,8,7,20200116,M,Auckland,QF,Hubert_Hurkacz,Feliciano_Lopez,,True,2,Save,SetPoint,Hubert_Hurkacz,Hubert_Hurkacz,Feliciano_Lopez
132,132,132,20200116-M-Auckland-QF-Hubert_Hurkacz-Feliciano_Lopez,133,1,0,6.0,6.0,8-Sep,23 (18),1,1,18.0,2,1,FL,c4+b18*,,Let on 4*.,1,,4b18*,,1,,1,0,4,,b18*,False,False,True,False,False,False,b18,b18,b,1,1,0,9-Sep,0,6,6,0,1,0,2,8,9,20200116,M,Auckland,QF,Hubert_Hurkacz,Feliciano_Lopez,,True,2,Save,SetPoint,Hubert_Hurkacz,Hubert_Hurkacz,Feliciano_Lopez
134,134,134,20200116-M-Auckland-QF-Hubert_Hurkacz-Feliciano_Lopez,135,1,0,6.0,6.0,9-Oct,23 (20),1,1,20.0,1,2,HH,6n,5f38b29f38*,,0,0.0,6n,5f38b29f38*,0,1.0,0,1,6n,5,f38b29f38*,False,False,True,False,False,False,f38b29f38,f38b29f38,fbf,3,2,0,10-Oct,0,6,6,0,1,0,4,9,10,20200116,M,Auckland,QF,Hubert_Hurkacz,Feliciano_Lopez,,True,1,Save,SetPoint,Feliciano_Lopez,Feliciano_Lopez,Hubert_Hurkacz
136,136,136,20200116-M-Auckland-QF-Hubert_Hurkacz-Feliciano_Lopez,137,1,0,6.0,6.0,11-Oct,23 (22),1,1,22.0,2,1,FL,6f1d#,,,0,,6f1d#,,1,,1,0,6,,f1d#,False,False,False,True,False,False,f1d,f1,f,1,2,1,11-Nov,0,6,6,0,1,0,1,11,10,20200116,M,Auckland,QF,Hubert_Hurkacz,Feliciano_Lopez,,True,1,Save,SetPoint,Feliciano_Lopez,Feliciano_Lopez,Hubert_Hurkacz
138,138,138,20200116-M-Auckland-QF-Hubert_Hurkacz-Feliciano_Lopez,139,1,0,6.0,6.0,12-Nov,23 (24),1,1,24.0,1,2,HH,4f37s1z39m18w#,,16/10 UE FL/HH,0,,4f37s1z39m18w#,,1,,1,0,4,,f37s1z39m18w#,False,False,False,True,False,False,f37s1z39m18w,f37s1z39m18,fszm,4,2,0,GM,2,6,7,2,1,1,4,12,11,20200116,M,Auckland,QF,Hubert_Hurkacz,Feliciano_Lopez,,True,2,Win,SetPoint,Feliciano_Lopez,Feliciano_Lopez,Hubert_Hurkacz
144,144,144,20200116-M-Auckland-QF-Hubert_Hurkacz-Feliciano_Lopez,145,1,1,0.0,0.0,30-40,24 (6),1,0,,2,1,FL,4+b37*,,,1,,4b37*,,1,,1,0,4,,b37*,False,False,True,False,False,False,b37,b37,b,1,1,0,GM,1,1,0,0,1,1,2,30,40,20200116,M,Auckland,QF,Hubert_Hurkacz,Feliciano_Lopez,,True,1,Win,BreakPoint,Hubert_Hurkacz,Hubert_Hurkacz,Feliciano_Lopez
194,194,194,20200116-M-Auckland-QF-Hubert_Hurkacz-Feliciano_Lopez,195,1,1,5.0,3.0,40-30,32 (6),1,0,,2,1,FL,4+b2z19*,,,1,,4b2z19*,,1,,1,0,4,,b2z19*,False,False,True,False,False,False,b2z19,b2z19,bz,2,2,1,GM,2,5,4,0,1,1,3,40,30,20200116,M,Auckland,QF,Hubert_Hurkacz,Feliciano_Lopez,,True,2,Win,SetPoint,Feliciano_Lopez,Feliciano_Lopez,Hubert_Hurkacz
200,200,200,20200116-M-Auckland-QF-Hubert_Hurkacz-Feliciano_Lopez,201,1,1,5.0,4.0,40-30,33 (6),1,0,,1,2,HH,6*,,37/21 UE FL/HH,0,,6*,,1,,0,0,6*,,,True,False,False,False,False,False,,,,0,1,1,GM,1,6,4,1,2,1,1,40,30,20200116,M,Auckland,QF,Hubert_Hurkacz,Feliciano_Lopez,,True,1,Win,SetPoint,Hubert_Hurkacz,Hubert_Hurkacz,Feliciano_Lopez
210,210,210,20200112-M-ATP_Cup-F-Roberto_Bautista_Agut-Dusan_Lajovic,10,0,0,1.0,0.0,0-40,2 (4),1,0,,2,1,DL,4m2j=+3b2v3*,,,0,,4m2j=+3b2v3*,,1,,1,0,4,,m2j=+3b2v3*,False,False,True,False,False,False,m2j3b2v3,m2j3b2v3,mjbv,4,2,1,15-40,0,1,0,0,0,0,5,0,40,20200112,M,ATP_Cup,F,Roberto_Bautista_Agut,Dusan_Lajovic,,True,1,Save,BreakPoint,Dusan_Lajovic,Dusan_Lajovic,Roberto_Bautista_Agut
211,211,211,20200112-M-ATP_Cup-F-Roberto_Bautista_Agut-Dusan_Lajovic,11,0,0,1.0,0.0,15-40,2 (5),1,0,,2,1,DL,6n,5b17f2b3b3f1f1x@,,0,0.0,6n,5b17f2b3b3f1f1x@,0,1.0,0,1,6n,5,b17f2b3b3f1f1x@,False,False,False,False,True,False,b17f2b3b3f1f1x,b17f2b3b3f1f1,bfbbff,6,1,0,GM,1,2,0,0,0,0,6,15,40,20200112,M,ATP_Cup,F,Roberto_Bautista_Agut,Dusan_Lajovic,,True,1,Win,BreakPoint,Roberto_Bautista_Agut,Roberto_Bautista_Agut,Dusan_Lajovic
229,229,229,20200112-M-ATP_Cup-F-Roberto_Bautista_Agut-Dusan_Lajovic,29,0,0,3.0,1.0,30-40,5 (6),1,0,,1,2,RBA,6f39f3f3b3f3b3f3b3b2f1f1f3s1w@,,,0,,6f39f3f3b3f3b3f3b3b2f1f1f3s1w@,,1,,1,0,6,,f39f3f3b3f3b3f3b3b2f1f1f3s1w@,False,False,False,False,True,False,f39f3f3b3f3b3f3b3b2f1f1f3s1w,f39f3f3b3f3b3f3b3b2f1f1f3s1,fffbfbfbbfffs,13,1,1,40-40,0,3,1,0,0,0,13,30,40,20200112,M,ATP_Cup,F,Roberto_Bautista_Agut,Dusan_Lajovic,,True,2,Save,BreakPoint,Roberto_Bautista_Agut,Roberto_Bautista_Agut,Dusan_Lajovic
231,231,231,20200112-M-ATP_Cup-F-Roberto_Bautista_Agut-Dusan_Lajovic,31,0,0,3.0,1.0,40-AD,5 (8),1,0,,1,2,RBA,5b2d#,,,0,,5b2d#,,1,,1,0,5,,b2d#,False,False,False,True,False,False,b2d,b2,b,1,1,1,40-40,0,3,1,0,0,0,1,40,50,20200112,M,ATP_Cup,F,Roberto_Bautista_Agut,Dusan_Lajovic,,True,2,Save,BreakPoint,Roberto_Bautista_Agut,Roberto_Bautista_Agut,Dusan_Lajovic
233,233,233,20200112-M-ATP_Cup-F-Roberto_Bautista_Agut-Dusan_Lajovic,33,0,0,3.0,1.0,40-AD,5 (10),1,0,,1,2,RBA,6f29f3b3b3f1f2s3b+3b3z1w@,,,0,,6f29f3b3b3f1f2s3b+3b3z1w@,,1,,1,0,6,,f29f3b3b3f1f2s3b+3b3z1w@,False,False,False,False,True,False,f29f3b3b3f1f2s3b3b3z1w,f29f3b3b3f1f2s3b3b3z1,ffbbffsbbz,10,2,0,GM,2,3,2,0,0,0,10,40,50,20200112,M,ATP_Cup,F,Roberto_Bautista_Agut,Dusan_Lajovic,,True,2,Win,BreakPoint,Dusan_Lajovic,Dusan_Lajovic,Roberto_Bautista_Agut
239,239,239,20200112-M-ATP_Cup-F-Roberto_Bautista_Agut-Dusan_Lajovic,39,0,0,3.0,2.0,30-40,6 (6),1,0,,2,1,DL,4b39f2f3b2f3b3b3b2b2f1*,,,0,,4b39f2f3b2f3b3b3b2b2f1*,,1,,1,0,4,,b39f2f3b2f3b3b3b2b2f1*,False,False,True,False,False,False,b39f2f3b2f3b3b3b2b2f1,b39f2f3b2f3b3b3b2b2f1,bffbfbbbbf,10,2,1,40-40,0,3,2,0,0,0,11,30,40,20200112,M,ATP_Cup,F,Roberto_Bautista_Agut,Dusan_Lajovic,,True,1,Save,BreakPoint,Dusan_Lajovic,Dusan_Lajovic,Roberto_Bautista_Agut
241,241,241,20200112-M-ATP_Cup-F-Roberto_Bautista_Agut-Dusan_Lajovic,41,0,0,3.0,2.0,40-AD,6 (8),1,0,,2,1,DL,4b28f+1f3d#,,,0,,4b28f+1f3d#,,1,,1,0,4,,b28f+1f3d#,False,False,False,True,False,False,b28f1f3d,b28f1f3,bff,3,2,1,40-40,0,3,2,0,0,0,3,40,50,20200112,M,ATP_Cup,F,Roberto_Bautista_Agut,Dusan_Lajovic,,True,1,Save,BreakPoint,Dusan_Lajovic,Dusan_Lajovic,Roberto_Bautista_Agut
254,254,254,20200112-M-ATP_Cup-F-Roberto_Bautista_Agut-Dusan_Lajovic,54,0,0,4.0,3.0,30-40,8 (6),1,0,,2,1,DL,4b39f3b1f1f1f3b2b2f;2b3b3b2b1f1f2s3b3b2b1f1f1f1*,,,0,,4b39f3b1f1f1f3b2b2f;2b3b3b2b1f1f2s3b3b2b1f1f1f1*,,1,,1,0,4,,b39f3b1f1f1f3b2b2f;2b3b3b2b1f1f2s3b3b2b1f1f1f1*,False,False,True,False,False,False,b39f3b1f1f1f3b2b2f2b3b3b2b1f1f2s3b3b2b1f1f1f1,b39f3b1f1f1f3b2b2f2b3b3b2b1f1f2s3b3b2b1f1f1f1,bfbfffbbfbbbbffsbbbfff,22,2,1,40-40,0,4,3,0,0,0,23,30,40,20200112,M,ATP_Cup,F,Roberto_Bautista_Agut,Dusan_Lajovic,,True,1,Save,BreakPoint,Dusan_Lajovic,Dusan_Lajovic,Roberto_Bautista_Agut
267,267,267,20200112-M-ATP_Cup-F-Roberto_Bautista_Agut-Dusan_Lajovic,67,0,0,5.0,4.0,40-30,10 (6),1,0,,2,1,DL,4b17f1w@,,,0,,4b17f1w@,,1,,1,0,4,,b17f1w@,False,False,False,False,True,False,b17f1w,b17f1,bf,2,1,0,40-40,0,5,4,0,0,0,2,40,30,20200112,M,ATP_Cup,F,Roberto_Bautista_Agut,Dusan_Lajovic,,True,2,Save,SetPoint,Roberto_Bautista_Agut,Roberto_Bautista_Agut,Dusan_Lajovic
269,269,269,20200112-M-ATP_Cup-F-Roberto_Bautista_Agut-Dusan_Lajovic,69,0,0,5.0,4.0,AD-40,10 (8),1,0,,2,1,DL,4b3d#,,,0,,4b3d#,,1,,1,0,4,,b3d#,False,False,False,True,False,False,b3d,b3,b,1,2,1,GM,2,5,5,0,0,0,1,50,40,20200112,M,ATP_Cup,F,Roberto_Bautista_Agut,Dusan_Lajovic,,True,2,Win,SetPoint,Dusan_Lajovic,Dusan_Lajovic,Roberto_Bautista_Agut
279,279,279,20200112-M-ATP_Cup-F-Roberto_Bautista_Agut-Dusan_Lajovic,79,0,0,6.0,5.0,15-40,12 (5),1,0,,2,1,DL,6w,6b37s3n@,,0,0.0,6w,6b37s3n@,0,1.0,0,1,6w,6,b37s3n@,False,False,False,False,True,False,b37s3n,b37s3,bs,2,1,0,GM,1,7,5,1,1,0,2,15,40,20200112,M,ATP_Cup,F,Roberto_Bautista_Agut,Dusan_Lajovic,,True,1,Win,SetPoint,Roberto_Bautista_Agut,Roberto_Bautista_Agut,Dusan_Lajovic
288,288,288,20200112-M-ATP_Cup-F-Roberto_Bautista_Agut-Dusan_Lajovic,88,1,0,1.0,0.0,15-40,14 (5),1,0,,2,1,DL,6d,6b38b3b3b3f3b3f1d@,,0,0.0,6d,6b38b3b3b3f3b3f1d@,0,1.0,0,1,6d,6,b38b3b3b3f3b3f1d@,False,False,False,False,True,False,b38b3b3b3f3b3f1d,b38b3b3b3f3b3f1,bbbbfbf,7,2,1,30-40,0,1,0,0,1,0,7,15,40,20200112,M,ATP_Cup,F,Roberto_Bautista_Agut,Dusan_Lajovic,,True,1,Save,BreakPoint,Dusan_Lajovic,Dusan_Lajovic,Roberto_Bautista_Agut
289,289,289,20200112-M-ATP_Cup-F-Roberto_Bautista_Agut-Dusan_Lajovic,89,1,0,1.0,0.0,30-40,14 (6),1,0,,2,1,DL,4d,4b38b2f1f3w@,,0,0.0,4d,4b38b2f1f3w@,0,1.0,0,1,4d,4,b38b2f1f3w@,False,False,False,False,True,False,b38b2f1f3w,b38b2f1f3,bbff,4,1,0,GM,1,2,0,0,1,0,4,30,40,20200112,M,ATP_Cup,F,Roberto_Bautista_Agut,Dusan_Lajovic,,True,1,Win,BreakPoint,Roberto_Bautista_Agut,Roberto_Bautista_Agut,Dusan_Lajovic
298,298,298,20200112-M-ATP_Cup-F-Roberto_Bautista_Agut-Dusan_Lajovic,98,1,0,3.0,0.0,15-40,16 (5),1,0,,2,1,DL,4d,6b38b3w@,DL CH b3w unsucc,0,0.0,4d,6b38b3w@,0,1.0,0,1,4d,6,b38b3w@,False,False,False,False,True,False,b38b3w,b38b3,bb,2,1,0,GM,1,4,0,0,1,0,2,15,40,20200112,M,ATP_Cup,F,Roberto_Bautista_Agut,Dusan_Lajovic,,True,1,Win,BreakPoint,Roberto_Bautista_Agut,Roberto_Bautista_Agut,Dusan_Lajovic
303,303,303,20200112-M-ATP_Cup-F-Roberto_Bautista_Agut-Dusan_Lajovic,103,1,0,4.0,0.0,15-40,17 (5),1,0,,1,2,RBA,5b29f3s3f1f1f2f1n@,,,0,,5b29f3s3f1f1f2f1n@,,1,,1,0,5,,b29f3s3f1f1f2f1n@,False,False,False,False,True,False,b29f3s3f1f1f2f1n,b29f3s3f1f1f2f1,bfsffff,7,1,1,30-40,0,4,0,0,1,0,7,15,40,20200112,M,ATP_Cup,F,Roberto_Bautista_Agut,Dusan_Lajovic,,True,2,Save,BreakPoint,Roberto_Bautista_Agut,Roberto_Bautista_Agut,Dusan_Lajovic
304,304,304,20200112-M-ATP_Cup-F-Roberto_Bautista_Agut-Dusan_Lajovic,104,1,0,4.0,0.0,30-40,17 (6),1,0,,1,2,RBA,6f39b3b3b3b2b3b2f1f1f1f2b3b2f1w@,,RBA CH f1w unsucc,0,,6f39b3b3b3b2b3b2f1f1f1f2b3b2f1w@,,1,,1,0,6,,f39b3b3b3b2b3b2f1f1f1f2b3b2f1w@,False,False,False,False,True,False,f39b3b3b3b2b3b2f1f1f1f2b3b2f1w,f39b3b3b3b2b3b2f1f1f1f2b3b2f1,fbbbbbbffffbbf,14,2,0,GM,2,4,1,0,1,0,14,30,40,20200112,M,ATP_Cup,F,Roberto_Bautista_Agut,Dusan_Lajovic,,True,2,Win,BreakPoint,Dusan_Lajovic,Dusan_Lajovic,Roberto_Bautista_Agut
310,310,310,20200112-M-ATP_Cup-F-Roberto_Bautista_Agut-Dusan_Lajovic,110,1,0,4.0,1.0,30-40,18 (6),1,0,,2,1,DL,4n,4b38b3b3b3b3b3b2b3b1f1w@,,0,0.0,4n,4b38b3b3b3b3b3b2b3b1f1w@,0,1.0,0,1,4n,4,b38b3b3b3b3b3b2b3b1f1w@,False,False,False,False,True,False,b38b3b3b3b3b3b2b3b1f1w,b38b3b3b3b3b3b2b3b1f1,bbbbbbbbbf,10,1,0,GM,1,5,1,0,1,0,10,30,40,20200112,M,ATP_Cup,F,Roberto_Bautista_Agut,Dusan_Lajovic,,True,1,Win,BreakPoint,Roberto_Bautista_Agut,Roberto_Bautista_Agut,Dusan_Lajovic
316,316,316,20200112-M-ATP_Cup-F-Roberto_Bautista_Agut-Dusan_Lajovic,116,1,0,5.0,1.0,40-30,19 (6),1,0,,1,2,RBA,4*,,,0,,4*,,1,,0,0,4*,,,True,False,False,False,False,False,,,,0,1,1,GM,1,6,1,1,2,0,1,40,30,20200112,M,ATP_Cup,F,Roberto_Bautista_Agut,Dusan_Lajovic,,True,1,Win,SetPoint,Roberto_Bautista_Agut,Roberto_Bautista_Agut,Dusan_Lajovic
326,326,326,20200111-M-ATP_Cup-SF-Novak_Djokovic-Daniil_Medvedev,10,0,0,1.0,0.0,30-40,2 (6),1,0,,2,1,DM,6d,6f28b38s38f18f38b38b28f29b38b39b27f19f18f27s39b19l2d#,,0,0.0,6d,6f28b38s38f18f38b38b28f29b38b39b27f19f18f27s39b19l2d#,0,1.0,0,1,6d,6,f28b38s38f18f38b38b28f29b38b39b27f19f18f27s39b19l2d#,False,False,False,True,False,False,f28b38s38f18f38b38b28f29b38b39b27f19f18f27s39b19l2d,f28b38s38f18f38b38b28f29b38b39b27f19f18f27s39b19l2,fbsffbbfbbbfffsbl,17,2,1,40-40,0,1,0,0,0,0,17,30,40,20200111,M,ATP_Cup,SF,Novak_Djokovic,Daniil_Medvedev,,True,1,Save,BreakPoint,Daniil_Medvedev,Daniil_Medvedev,Novak_Djokovic
339,339,339,20200111-M-ATP_Cup-SF-Novak_Djokovic-Daniil_Medvedev,23,0,0,2.0,1.0,30-40,4 (6),1,0,,2,1,DM,4*,,,0,,4*,,1,,0,0,4*,,,True,False,False,False,False,False,,,,0,2,1,40-40,0,2,1,0,0,0,1,30,40,20200111,M,ATP_Cup,SF,Novak_Djokovic,Daniil_Medvedev,,True,1,Save,BreakPoint,Daniil_Medvedev,Daniil_Medvedev,Novak_Djokovic
341,341,341,20200111-M-ATP_Cup-SF-Novak_Djokovic-Daniil_Medvedev,25,0,0,2.0,1.0,40-AD,4 (8),1,0,,2,1,DM,6d,4b37b38b29b38b28b38b29b38b18f38s27u-37s-3n#,,0,0.0,6d,4b37b38b29b38b28b38b29b38b18f38s27u-37s-3n#,0,1.0,0,1,6d,4,b37b38b29b38b28b38b29b38b18f38s27u-37s-3n#,False,False,False,True,False,False,b37b38b29b38b28b38b29b38b18f38s27u37s3n,b37b38b29b38b28b38b29b38b18f38s27u37s3,bbbbbbbbbfsus,13,2,1,40-40,0,2,1,0,0,0,13,40,50,20200111,M,ATP_Cup,SF,Novak_Djokovic,Daniil_Medvedev,,True,1,Save,BreakPoint,Daniil_Medvedev,Daniil_Medvedev,Novak_Djokovic
343,343,343,20200111-M-ATP_Cup-SF-Novak_Djokovic-Daniil_Medvedev,27,0,0,2.0,1.0,40-AD,4 (10),1,0,,2,1,DM,4m2j=29b27f+39b2v3n#,,,0,,4m2j=29b27f+39b2v3n#,,1,,1,0,4,,m2j=29b27f+39b2v3n#,False,False,False,True,False,False,m2j29b27f39b2v3n,m2j29b27f39b2v3,mjbfbv,6,1,0,GM,1,3,1,0,0,0,6,40,50,20200111,M,ATP_Cup,SF,Novak_Djokovic,Daniil_Medvedev,,True,1,Win,BreakPoint,Novak_Djokovic,Novak_Djokovic,Daniil_Medvedev
352,352,352,20200111-M-ATP_Cup-SF-Novak_Djokovic-Daniil_Medvedev,36,0,0,4.0,1.0,0-40,6 (4),1,0,,2,1,DM,4d,4b29f29f39b38s37y+17w@,,0,0.0,4d,4b29f29f39b38s37y+17w@,0,1.0,0,1,4d,4,b29f29f39b38s37y+17w@,False,False,False,False,True,False,b29f29f39b38s37y17w,b29f29f39b38s37y17,bffbsy,6,1,0,GM,1,5,1,0,0,0,6,0,40,20200111,M,ATP_Cup,SF,Novak_Djokovic,Daniil_Medvedev,,True,1,Win,BreakPoint,Novak_Djokovic,Novak_Djokovic,Daniil_Medvedev
358,358,358,20200111-M-ATP_Cup-SF-Novak_Djokovic-Daniil_Medvedev,42,0,0,5.0,1.0,30-40,7 (6),1,0,,1,2,ND,4b28f19f2d@,,,0,,4b28f19f2d@,,1,,1,0,4,,b28f19f2d@,False,False,False,False,True,False,b28f19f2d,b28f19f2,bff,3,1,1,40-40,0,5,1,0,0,0,3,30,40,20200111,M,ATP_Cup,SF,Novak_Djokovic,Daniil_Medvedev,,True,2,Save,SetPoint,Novak_Djokovic,Novak_Djokovic,Daniil_Medvedev
360,360,360,20200111-M-ATP_Cup-SF-Novak_Djokovic-Daniil_Medvedev,44,0,0,5.0,1.0,AD-40,7 (8),1,0,,1,2,ND,6f29f27f+39b1n#,,,0,,6f29f27f+39b1n#,,1,,1,0,6,,f29f27f+39b1n#,False,False,False,True,False,False,f29f27f39b1n,f29f27f39b1,fffb,4,2,0,40-40,0,5,1,0,0,0,4,50,40,20200111,M,ATP_Cup,SF,Novak_Djokovic,Daniil_Medvedev,,True,1,Save,SetPoint,Daniil_Medvedev,Daniil_Medvedev,Novak_Djokovic
362,362,362,20200111-M-ATP_Cup-SF-Novak_Djokovic-Daniil_Medvedev,46,0,0,5.0,1.0,AD-40,7 (10),1,0,,1,2,ND,6f2n#,,10/4 3/12 W/UE ND/DM,0,,6f2n#,,1,,1,0,6,,f2n#,False,False,False,True,False,False,f2n,f2,f,1,1,1,GM,1,6,1,1,1,0,1,50,40,20200111,M,ATP_Cup,SF,Novak_Djokovic,Daniil_Medvedev,,True,1,Win,SetPoint,Novak_Djokovic,Novak_Djokovic,Daniil_Medvedev
370,370,370,20200111-M-ATP_Cup-SF-Novak_Djokovic-Daniil_Medvedev,54,1,0,0.0,0.0,40-AD,8 (8),1,0,,2,1,DM,6r28f+39b2v^2n#,,,0,,6r28f+39b2v^2n#,,1,,1,0,6,,r28f+39b2v^2n#,False,False,False,True,False,False,r28f39b2v2n,r28f39b2v2,rfbv,4,1,0,GM,1,1,0,0,1,0,4,40,50,20200111,M,ATP_Cup,SF,Novak_Djokovic,Daniil_Medvedev,,True,1,Win,BreakPoint,Novak_Djokovic,Novak_Djokovic,Daniil_Medvedev
382,382,382,20200111-M-ATP_Cup-SF-Novak_Djokovic-Daniil_Medvedev,66,1,0,1.0,0.0,40-AD,9 (12),1,0,,1,2,ND,4s2n#,,,0,,4s2n#,,1,,1,0,4,,s2n#,False,False,False,True,False,False,s2n,s2,s,1,1,1,40-40,0,1,0,0,1,0,1,40,50,20200111,M,ATP_Cup,SF,Novak_Djokovic,Daniil_Medvedev,,True,2,Save,BreakPoint,Novak_Djokovic,Novak_Djokovic,Daniil_Medvedev
384,384,384,20200111-M-ATP_Cup-SF-Novak_Djokovic-Daniil_Medvedev,68,1,0,1.0,0.0,40-AD,9 (14),1,0,,1,2,ND,6r37w#,,,0,,6r37w#,,1,,1,0,6,,r37w#,False,False,False,True,False,False,r37w,r37,r,1,1,1,40-40,0,1,0,0,1,0,1,40,50,20200111,M,ATP_Cup,SF,Novak_Djokovic,Daniil_Medvedev,,True,2,Save,BreakPoint,Novak_Djokovic,Novak_Djokovic,Daniil_Medvedev
388,388,388,20200111-M-ATP_Cup-SF-Novak_Djokovic-Daniil_Medvedev,72,1,0,1.0,0.0,40-AD,9 (18),1,0,,1,2,ND,c4b29f18f17f39b37s39b39b38b28b38b38s38b29b29f29b27b38b18r27s+39b3z^17*,,Let on 4.,0,,4b29f18f17f39b37s39b39b38b28b38b38s38b29b29f29b27b38b18r27s+39b3z^17*,,1,,1,0,4,,b29f18f17f39b37s39b39b38b28b38b38s38b29b29f29b27b38b18r27s+39b3z^17*,False,False,True,False,False,False,b29f18f17f39b37s39b39b38b28b38b38s38b29b29f29b27b38b18r27s39b3z17,b29f18f17f39b37s39b39b38b28b38b38s38b29b29f29b27b38b18r27s39b3z17,bfffbsbbbbbsbbfbbbrsbz,22,1,1,40-40,0,1,0,0,1,0,23,40,50,20200111,M,ATP_Cup,SF,Novak_Djokovic,Daniil_Medvedev,,True,2,Save,BreakPoint,Novak_Djokovic,Novak_Djokovic,Daniil_Medvedev
392,392,392,20200111-M-ATP_Cup-SF-Novak_Djokovic-Daniil_Medvedev,76,1,0,1.0,0.0,40-AD,9 (22),1,0,,1,2,ND,4b37y+17f-19*,,,0,,4b37y+17f-19*,,1,,1,0,4,,b37y+17f-19*,False,False,True,False,False,False,b37y17f19,b37y17f19,byf,3,2,0,GM,2,1,1,0,1,0,4,40,50,20200111,M,ATP_Cup,SF,Novak_Djokovic,Daniil_Medvedev,,True,2,Win,BreakPoint,Daniil_Medvedev,Daniil_Medvedev,Novak_Djokovic
402,402,402,20200111-M-ATP_Cup-SF-Novak_Djokovic-Daniil_Medvedev,86,1,0,1.0,2.0,15-40,11 (5),1,0,,1,2,ND,6s27f19*,,,0,,6s27f19*,,1,,1,0,6,,s27f19*,False,False,True,False,False,False,s27f19,s27f19,sf,2,1,1,30-40,0,1,2,0,1,0,3,15,40,20200111,M,ATP_Cup,SF,Novak_Djokovic,Daniil_Medvedev,,True,2,Save,BreakPoint,Novak_Djokovic,Novak_Djokovic,Daniil_Medvedev
403,403,403,20200111-M-ATP_Cup-SF-Novak_Djokovic-Daniil_Medvedev,87,1,0,1.0,2.0,30-40,11 (6),1,0,,1,2,ND,5r39f17f18f19w@,,Djokovic destroys his racket and receives a warning for racket abuse.,0,,5r39f17f18f19w@,,1,,1,0,5,,r39f17f18f19w@,False,False,False,False,True,False,r39f17f18f19w,r39f17f18f19,rfff,4,2,0,GM,2,1,3,0,1,0,4,30,40,20200111,M,ATP_Cup,SF,Novak_Djokovic,Daniil_Medvedev,,True,2,Win,BreakPoint,Daniil_Medvedev,Daniil_Medvedev,Novak_Djokovic
409,409,409,20200111-M-ATP_Cup-SF-Novak_Djokovic-Daniil_Medvedev,93,1,0,1.0,3.0,30-40,12 (6),1,0,,2,1,DM,4s19f19f27f39b27b39b29f18f28f39b38b38b19f18f19f39b29f19f18f39b29b19r18f;19f18f19r29f39b27b18*,,,0,,4s19f19f27f39b27b39b29f18f28f39b38b38b19f18f19f39b29f19f18f39b29b19r18f;19f18f19r29f39b27b18*,,1,,1,0,4,,s19f19f27f39b27b39b29f18f28f39b38b38b19f18f19f39b29f19f18f39b29b19r18f;19f18f19r29f39b27b18*,False,False,True,False,False,False,s19f19f27f39b27b39b29f18f28f39b38b38b19f18f19f39b29f19f18f39b29b19r18f19f18f19r29f39b27b18,s19f19f27f39b27b39b29f18f28f39b38b38b19f18f19f39b29f19f18f39b29b19r18f19f18f19r29f39b27b18,sfffbbbfffbbbfffbfffbbrfffrfbb,30,2,1,40-40,0,1,3,0,1,0,31,30,40,20200111,M,ATP_Cup,SF,Novak_Djokovic,Daniil_Medvedev,,True,1,Save,BreakPoint,Daniil_Medvedev,Daniil_Medvedev,Novak_Djokovic
424,424,424,20200111-M-ATP_Cup-SF-Novak_Djokovic-Daniil_Medvedev,108,1,0,2.0,4.0,40-AD,14 (8),1,0,,2,1,DM,5b19f17f18f28b28b29s28b29b28f38b38b28f38b29b29f39b29b28y37y+17l-3p27h1n#,,,0,,5b19f17f18f28b28b29s28b29b28f38b38b28f38b29b29f39b29b28y37y+17l-3p27h1n#,,1,,1,0,5,,b19f17f18f28b28b29s28b29b28f38b38b28f38b29b29f39b29b28y37y+17l-3p27h1n#,False,False,False,True,False,False,b19f17f18f28b28b29s28b29b28f38b38b28f38b29b29f39b29b28y37y17l3p27h1n,b19f17f18f28b28b29s28b29b28f38b38b28f38b29b29f39b29b28y37y17l3p27h1,bfffbbsbbfbbfbbfbbyylph,23,2,1,40-40,0,2,4,0,1,0,23,40,50,20200111,M,ATP_Cup,SF,Novak_Djokovic,Daniil_Medvedev,,True,1,Save,BreakPoint,Daniil_Medvedev,Daniil_Medvedev,Novak_Djokovic
426,426,426,20200111-M-ATP_Cup-SF-Novak_Djokovic-Daniil_Medvedev,110,1,0,2.0,4.0,40-AD,14 (10),1,0,,2,1,DM,4d,5b38b39b39b29s27b38b39b27s29f38b28f19f28f39b37s18w@,,0,0.0,4d,5b38b39b39b29s27b38b39b27s29f38b28f19f28f39b37s18w@,0,1.0,0,1,4d,5,b38b39b39b29s27b38b39b27s29f38b28f19f28f39b37s18w@,False,False,False,False,True,False,b38b39b39b29s27b38b39b27s29f38b28f19f28f39b37s18w,b38b39b39b29s27b38b39b27s29f38b28f19f28f39b37s18,bbbbsbbbsfbfffbs,16,1,0,GM,1,3,4,0,1,0,16,40,50,20200111,M,ATP_Cup,SF,Novak_Djokovic,Daniil_Medvedev,,True,1,Win,BreakPoint,Novak_Djokovic,Novak_Djokovic,Daniil_Medvedev
450,450,450,20200111-M-ATP_Cup-SF-Novak_Djokovic-Daniil_Medvedev,134,1,0,4.0,5.0,40-15,17 (5),1,0,,1,2,ND,4f2n#,,,0,,4f2n#,,1,,1,0,4,,f2n#,False,False,False,True,False,False,f2n,f2,f,1,1,1,GM,1,5,5,0,1,0,1,40,15,20200111,M,ATP_Cup,SF,Novak_Djokovic,Daniil_Medvedev,,True,1,Win,SetPoint,Novak_Djokovic,Novak_Djokovic,Daniil_Medvedev
466,466,466,20200111-M-ATP_Cup-SF-Novak_Djokovic-Daniil_Medvedev,150,1,0,5.0,6.0,30-40,19 (6),1,0,,1,2,ND,4+b2z19f3z37b19*,,17/20 17/19 W/UE ND/DM,1,,4b2z19f3z37b19*,,1,,1,0,4,,b2z19f3z37b19*,False,False,True,False,False,False,b2z19f3z37b19,b2z19f3z37b19,bzfzb,5,2,0,GM,2,5,7,2,1,1,6,30,40,20200111,M,ATP_Cup,SF,Novak_Djokovic,Daniil_Medvedev,,True,2,Win,SetPoint,Daniil_Medvedev,Daniil_Medvedev,Novak_Djokovic
495,495,495,20200111-M-ATP_Cup-SF-Novak_Djokovic-Daniil_Medvedev,179,1,1,2.0,2.0,30-40,24 (6),1,0,,2,1,DM,6r29f18*,,,0,,6r29f18*,,1,,1,0,6,,r29f18*,False,False,True,False,False,False,r29f18,r29f18,rf,2,2,1,40-40,0,2,2,0,1,1,3,30,40,20200111,M,ATP_Cup,SF,Novak_Djokovic,Daniil_Medvedev,,True,1,Save,BreakPoint,Daniil_Medvedev,Daniil_Medvedev,Novak_Djokovic
501,501,501,20200111-M-ATP_Cup-SF-Novak_Djokovic-Daniil_Medvedev,185,1,1,2.0,2.0,40-AD,24 (12),1,0,,2,1,DM,4+g,5b38b39b38b38b38b38b29b28s37b18f18f29b28f28b38b38s29b39b29b38b28f17f18f;27f+19f3z^37b-3z18*,,1,0.0,4g,5b38b39b38b38b38b38b29b28s37b18f18f29b28f28b38b38s29b39b29b38b28f17f18f;27f+19f3z^37b-3z18*,0,1.0,0,1,4+g,5,b38b39b38b38b38b38b29b28s37b18f18f29b28f28b38b38s29b39b29b38b28f17f18f;27f+19f3z^37b-3z18*,False,False,True,False,False,False,b38b39b38b38b38b38b29b28s37b18f18f29b28f28b38b38s29b39b29b38b28f17f18f27f19f3z37b3z18,b38b39b38b38b38b38b29b28s37b18f18f29b28f28b38b38s29b39b29b38b28f17f18f27f19f3z37b3z18,bbbbbbbbsbffbfbbsbbbbfffffzbz,29,1,0,GM,1,3,2,0,1,1,30,40,50,20200111,M,ATP_Cup,SF,Novak_Djokovic,Daniil_Medvedev,,True,1,Win,BreakPoint,Novak_Djokovic,Novak_Djokovic,Daniil_Medvedev
521,521,521,20200111-M-ATP_Cup-SF-Novak_Djokovic-Daniil_Medvedev,205,1,1,5.0,3.0,40-0,28 (4),1,0,,2,1,DM,4d,6f1n#,,0,0.0,4d,6f1n#,0,1.0,0,1,4d,6,f1n#,False,False,False,True,False,False,f1n,f1,f,1,2,1,GM,2,5,4,0,1,1,1,40,0,20200111,M,ATP_Cup,SF,Novak_Djokovic,Daniil_Medvedev,,True,2,Win,SetPoint,Daniil_Medvedev,Daniil_Medvedev,Novak_Djokovic
527,527,527,20200111-M-ATP_Cup-SF-Novak_Djokovic-Daniil_Medvedev,211,1,1,5.0,4.0,30-40,29 (6),1,0,,1,2,ND,6f29f19f39b39s28f18f2n#,,,0,,6f29f19f39b39s28f18f2n#,,1,,1,0,6,,f29f19f39b39s28f18f2n#,False,False,False,True,False,False,f29f19f39b39s28f18f2n,f29f19f39b39s28f18f2,fffbsff,7,1,1,40-40,0,5,4,0,1,1,7,30,40,20200111,M,ATP_Cup,SF,Novak_Djokovic,Daniil_Medvedev,,True,2,Save,SetPoint,Novak_Djokovic,Novak_Djokovic,Daniil_Medvedev
529,529,529,20200111-M-ATP_Cup-SF-Novak_Djokovic-Daniil_Medvedev,213,1,1,5.0,4.0,40-AD,29 (8),1,0,,1,2,ND,6r27f-18f3z^27y-27m-3z27h38s1n#,,,0,,6r27f-18f3z^27y-27m-3z27h38s1n#,,1,,1,0,6,,r27f-18f3z^27y-27m-3z27h38s1n#,False,False,False,True,False,False,r27f18f3z27y27m3z27h38s1n,r27f18f3z27y27m3z27h38s1,rffzymzhs,9,1,1,40-40,0,5,4,0,1,1,9,40,50,20200111,M,ATP_Cup,SF,Novak_Djokovic,Daniil_Medvedev,,True,2,Save,SetPoint,Novak_Djokovic,Novak_Djokovic,Daniil_Medvedev
531,531,531,20200111-M-ATP_Cup-SF-Novak_Djokovic-Daniil_Medvedev,215,1,1,5.0,4.0,AD-40,29 (10),1,0,,1,2,ND,4b28b19f39b37b39b19f17f28b18*,,,0,,4b28b19f39b37b39b19f17f28b18*,,1,,1,0,4,,b28b19f39b37b39b19f17f28b18*,False,False,True,False,False,False,b28b19f39b37b39b19f17f28b18,b28b19f39b37b39b19f17f28b18,bbfbbbffb,9,2,0,40-40,0,5,4,0,1,1,10,50,40,20200111,M,ATP_Cup,SF,Novak_Djokovic,Daniil_Medvedev,,True,1,Save,SetPoint,Daniil_Medvedev,Daniil_Medvedev,Novak_Djokovic
533,533,533,20200111-M-ATP_Cup-SF-Novak_Djokovic-Daniil_Medvedev,217,1,1,5.0,4.0,40-AD,29 (12),1,0,,1,2,ND,4b28f+18f3n#,,,0,,4b28f+18f3n#,,1,,1,0,4,,b28f+18f3n#,False,False,False,True,False,False,b28f18f3n,b28f18f3,bff,3,1,1,40-40,0,5,4,0,1,1,3,40,50,20200111,M,ATP_Cup,SF,Novak_Djokovic,Daniil_Medvedev,,True,2,Save,SetPoint,Novak_Djokovic,Novak_Djokovic,Daniil_Medvedev
535,535,535,20200111-M-ATP_Cup-SF-Novak_Djokovic-Daniil_Medvedev,219,1,1,5.0,4.0,AD-40,29 (14),1,0,,1,2,ND,4b28f18f18f28b28b28b39b29f29b18f18f39s28f+19f1n#,,39/34 30/40 W/UE ND/DM,0,,4b28f18f18f28b28b28b39b29f29b18f18f39s28f+19f1n#,,1,,1,0,4,,b28f18f18f28b28b28b39b29f29b18f18f39s28f+19f1n#,False,False,False,True,False,False,b28f18f18f28b28b28b39b29f29b18f18f39s28f19f1n,b28f18f18f28b28b28b39b29f29b18f18f39s28f19f1,bfffbbbbfbffsff,15,1,1,GM,1,6,4,1,2,1,15,50,40,20200111,M,ATP_Cup,SF,Novak_Djokovic,Daniil_Medvedev,,True,1,Win,SetPoint,Novak_Djokovic,Novak_Djokovic,Daniil_Medvedev
587,587,587,20200111-M-ATP_Cup-SF-Dusan_Lajovic-Karen_Khachanov,52,0,0,5.0,4.0,40-15,10 (5),1,0,,2,1,KK,5b3w#,,,0,,5b3w#,,1,,1,0,5,,b3w#,False,False,False,True,False,False,b3w,b3,b,1,2,1,GM,2,5,5,0,0,0,1,40,15,20200111,M,ATP_Cup,SF,Dusan_Lajovic,Karen_Khachanov,,True,2,Win,SetPoint,Karen_Khachanov,Karen_Khachanov,Dusan_Lajovic
598,598,598,20200111-M-ATP_Cup-SF-Dusan_Lajovic-Karen_Khachanov,63,0,0,6.0,5.0,40-15,12 (5),1,0,,2,1,KK,6d,5b28f38b28f19f18f38b28r27f+18f3n#,,0,0.0,6d,5b28f38b28f19f18f38b28r27f+18f3n#,0,1.0,0,1,6d,5,b28f38b28f19f18f38b28r27f+18f3n#,False,False,False,True,False,False,b28f38b28f19f18f38b28r27f18f3n,b28f38b28f19f18f38b28r27f18f3,bfbfffbrff,10,1,0,40-30,0,6,5,0,0,0,10,40,15,20200111,M,ATP_Cup,SF,Dusan_Lajovic,Karen_Khachanov,,True,2,Save,SetPoint,Dusan_Lajovic,Dusan_Lajovic,Karen_Khachanov
599,599,599,20200111-M-ATP_Cup-SF-Dusan_Lajovic-Karen_Khachanov,64,0,0,6.0,5.0,40-30,12 (6),1,0,,2,1,KK,5b39b37f39b3z=18f3z3z2v19*,,,0,,5b39b37f39b3z=18f3z3z2v19*,,1,,1,0,5,,b39b37f39b3z=18f3z3z2v19*,False,False,True,False,False,False,b39b37f39b3z18f3z3z2v19,b39b37f39b3z18f3z3z2v19,bbfbzfzzv,9,1,0,40-40,0,6,5,0,0,0,10,40,30,20200111,M,ATP_Cup,SF,Dusan_Lajovic,Karen_Khachanov,,True,2,Save,SetPoint,Dusan_Lajovic,Dusan_Lajovic,Karen_Khachanov
601,601,601,20200111-M-ATP_Cup-SF-Dusan_Lajovic-Karen_Khachanov,66,0,0,6.0,5.0,AD-40,12 (8),1,0,,2,1,KK,6r18f18f19f39w@,,,0,,6r18f18f19f39w@,,1,,1,0,6,,r18f18f19f39w@,False,False,False,False,True,False,r18f18f19f39w,r18f18f19f39,rfff,4,1,0,40-40,0,6,5,0,0,0,4,50,40,20200111,M,ATP_Cup,SF,Dusan_Lajovic,Karen_Khachanov,,True,2,Save,SetPoint,Dusan_Lajovic,Dusan_Lajovic,Karen_Khachanov
603,603,603,20200111-M-ATP_Cup-SF-Dusan_Lajovic-Karen_Khachanov,68,0,0,6.0,5.0,AD-40,12 (10),1,0,,2,1,KK,4b29f39s37s1d@,,,0,,4b29f39s37s1d@,,1,,1,0,4,,b29f39s37s1d@,False,False,False,False,True,False,b29f39s37s1d,b29f39s37s1,bfss,4,1,0,40-40,0,6,5,0,0,0,4,50,40,20200111,M,ATP_Cup,SF,Dusan_Lajovic,Karen_Khachanov,,True,2,Save,SetPoint,Dusan_Lajovic,Dusan_Lajovic,Karen_Khachanov
605,605,605,20200111-M-ATP_Cup-SF-Dusan_Lajovic-Karen_Khachanov,70,0,0,6.0,5.0,AD-40,12 (12),1,0,,2,1,KK,6f28f18f18f28b28b29f19f18f29b3n@,,,0,,6f28f18f18f28b28b29f19f18f29b3n@,,1,,1,0,6,,f28f18f18f28b28b29f19f18f29b3n@,False,False,False,False,True,False,f28f18f18f28b28b29f19f18f29b3n,f28f18f18f28b28b29f19f18f29b3,ffffbbfffb,10,1,0,40-40,0,6,5,0,0,0,10,50,40,20200111,M,ATP_Cup,SF,Dusan_Lajovic,Karen_Khachanov,,True,2,Save,SetPoint,Dusan_Lajovic,Dusan_Lajovic,Karen_Khachanov
607,607,607,20200111-M-ATP_Cup-SF-Dusan_Lajovic-Karen_Khachanov,72,0,0,6.0,5.0,AD-40,12 (14),1,0,,2,1,KK,4d,5n,,0,0.0,4d,5n,0,0.0,0,0,4d,5n,,False,False,False,False,False,True,,,,0,1,0,40-40,0,6,5,0,0,0,0,50,40,20200111,M,ATP_Cup,SF,Dusan_Lajovic,Karen_Khachanov,,True,2,Save,SetPoint,Dusan_Lajovic,Dusan_Lajovic,Karen_Khachanov
609,609,609,20200111-M-ATP_Cup-SF-Dusan_Lajovic-Karen_Khachanov,74,0,0,6.0,5.0,40-AD,12 (16),1,0,,2,1,KK,6f28f39b28f38b37b38b29f18f18f29b19r38b18*,,Khachanov destroys his racket and receives a warning for racket abuse.,0,,6f28f39b28f38b37b38b29f18f18f29b19r38b18*,,1,,1,0,6,,f28f39b28f38b37b38b29f18f18f29b19r38b18*,False,False,True,False,False,False,f28f39b28f38b37b38b29f18f18f29b19r38b18,f28f39b28f38b37b38b29f18f18f29b19r38b18,ffbfbbbfffbrb,13,1,0,GM,1,7,5,1,1,0,14,40,50,20200111,M,ATP_Cup,SF,Dusan_Lajovic,Karen_Khachanov,,True,1,Win,SetPoint,Dusan_Lajovic,Dusan_Lajovic,Karen_Khachanov
662,662,662,20200111-M-ATP_Cup-SF-Dusan_Lajovic-Karen_Khachanov,127,1,0,5.0,4.0,40-0,22 (4),1,0,,2,1,KK,4n,5f2d@,,0,0.0,4n,5f2d@,0,1.0,0,1,4n,5,f2d@,False,False,False,False,True,False,f2d,f2,f,1,2,1,GM,2,5,5,0,1,0,1,40,0,20200111,M,ATP_Cup,SF,Dusan_Lajovic,Karen_Khachanov,,True,2,Win,SetPoint,Karen_Khachanov,Karen_Khachanov,Dusan_Lajovic
673,673,673,20200111-M-ATP_Cup-SF-Dusan_Lajovic-Karen_Khachanov,138,1,0,6.0,5.0,40-15,24 (5),1,0,,2,1,KK,6*,,,0,,6*,,1,,0,0,6*,,,True,False,False,False,False,False,,,,0,2,1,GM,2,6,6,0,1,0,1,40,15,20200111,M,ATP_Cup,SF,Dusan_Lajovic,Karen_Khachanov,,True,2,Win,SetPoint,Karen_Khachanov,Karen_Khachanov,Dusan_Lajovic
680,680,680,20200111-M-ATP_Cup-SF-Dusan_Lajovic-Karen_Khachanov,145,1,0,6.0,6.0,0-6,25 (7),1,1,7.0,2,1,KK,4*,,,0,,4*,,1,,0,0,4*,,,True,False,False,False,False,False,,,,0,2,1,6-Jan,0,6,6,0,1,0,1,0,6,20200111,M,ATP_Cup,SF,Dusan_Lajovic,Karen_Khachanov,,True,1,Save,SetPoint,Karen_Khachanov,Karen_Khachanov,Dusan_Lajovic
681,681,681,20200111-M-ATP_Cup-SF-Dusan_Lajovic-Karen_Khachanov,146,1,0,6.0,6.0,1-Jun,25 (8),1,1,8.0,1,2,DL,5d,5b38b28f29f28b39s38f29f39b29f18r1n#,,0,0.0,5d,5b38b28f29f28b39s38f29f39b29f18r1n#,0,1.0,0,1,5d,5,b38b28f29f28b39s38f29f39b29f18r1n#,False,False,False,True,False,False,b38b28f29f28b39s38f29f39b29f18r1n,b38b28f29f28b39s38f29f39b29f18r1,bbffbsffbfr,11,1,1,GM,1,7,6,1,2,0,11,1,6,20200111,M,ATP_Cup,SF,Dusan_Lajovic,Karen_Khachanov,,True,1,Win,SetPoint,Dusan_Lajovic,Dusan_Lajovic,Karen_Khachanov
685,685,685,20200110-M-Doha-SF-Stanislas_Wawrinka-Corentin_Moutet,4,0,0,0.0,0.0,0-40,1 (4),1,0,,1,2,SW,6b2d#,,,0,,6b2d#,,1,,1,0,6,,b2d#,False,False,False,True,False,False,b2d,b2,b,1,1,1,15-40,0,0,0,0,0,0,1,0,40,20200110,M,Doha,SF,Stanislas_Wawrinka,Corentin_Moutet,,True,2,Save,BreakPoint,Stanislas_Wawrinka,Stanislas_Wawrinka,Corentin_Moutet
686,686,686,20200110-M-Doha-SF-Stanislas_Wawrinka-Corentin_Moutet,5,0,0,0.0,0.0,15-40,1 (5),1,0,,1,2,SW,6r28b3f3b3f3b3f3b3f1r2f+3m2o1w@,,,0,,6r28b3f3b3f3b3f3b3f1r2f+3m2o1w@,,1,,1,0,6,,r28b3f3b3f3b3f3b3f1r2f+3m2o1w@,False,False,False,False,True,False,r28b3f3b3f3b3f3b3f1r2f3m2o1w,r28b3f3b3f3b3f3b3f1r2f3m2o1,rbfbfbfbfrfmo,13,1,1,30-40,0,0,0,0,0,0,13,15,40,20200110,M,Doha,SF,Stanislas_Wawrinka,Corentin_Moutet,,True,2,Save,BreakPoint,Stanislas_Wawrinka,Stanislas_Wawrinka,Corentin_Moutet
687,687,687,20200110-M-Doha-SF-Stanislas_Wawrinka-Corentin_Moutet,6,0,0,0.0,0.0,30-40,1 (6),1,0,,1,2,SW,4d,4f28f2b3b1b1f1f2b2f2f3f3f1s1f1s2f+3f1v1*,,0,0.0,4d,4f28f2b3b1b1f1f2b2f2f3f3f1s1f1s2f+3f1v1*,0,1.0,0,1,4d,4,f28f2b3b1b1f1f2b2f2f3f3f1s1f1s2f+3f1v1*,False,False,True,False,False,False,f28f2b3b1b1f1f2b2f2f3f3f1s1f1s2f3f1v1,f28f2b3b1b1f1f2b2f2f3f3f1s1f1s2f3f1v1,ffbbbffbffffsfsffv,18,1,1,40-40,0,0,0,0,0,0,19,30,40,20200110,M,Doha,SF,Stanislas_Wawrinka,Corentin_Moutet,,True,2,Save,BreakPoint,Stanislas_Wawrinka,Stanislas_Wawrinka,Corentin_Moutet
705,705,705,20200110-M-Doha-SF-Stanislas_Wawrinka-Corentin_Moutet,24,0,0,2.0,1.0,15-40,4 (5),1,0,,2,1,CM,4d,6b27f2b3f2b1b2b3*,,0,0.0,4d,6b27f2b3f2b1b2b3*,0,1.0,0,1,4d,6,b27f2b3f2b1b2b3*,False,False,True,False,False,False,b27f2b3f2b1b2b3,b27f2b3f2b1b2b3,bfbfbbb,7,1,0,GM,1,3,1,0,0,0,8,15,40,20200110,M,Doha,SF,Stanislas_Wawrinka,Corentin_Moutet,,True,1,Win,BreakPoint,Stanislas_Wawrinka,Stanislas_Wawrinka,Corentin_Moutet
724,724,724,20200110-M-Doha-SF-Stanislas_Wawrinka-Corentin_Moutet,43,0,0,5.0,2.0,40-0,8 (4),1,0,,2,1,CM,4b29b3b1j2*,,,0,,4b29b3b1j2*,,1,,1,0,4,,b29b3b1j2*,False,False,True,False,False,False,b29b3b1j2,b29b3b1j2,bbbj,4,2,1,GM,2,5,3,0,0,0,5,40,0,20200110,M,Doha,SF,Stanislas_Wawrinka,Corentin_Moutet,,True,2,Win,SetPoint,Corentin_Moutet,Corentin_Moutet,Stanislas_Wawrinka
728,728,728,20200110-M-Doha-SF-Stanislas_Wawrinka-Corentin_Moutet,47,0,0,5.0,3.0,40-0,9 (4),1,0,,1,2,SW,5d,4#,,0,0.0,5d,4#,0,1.0,0,0,5d,4#,,False,True,False,False,False,False,,,,0,1,1,GM,1,6,3,1,1,0,1,40,0,20200110,M,Doha,SF,Stanislas_Wawrinka,Corentin_Moutet,,True,1,Win,SetPoint,Stanislas_Wawrinka,Stanislas_Wawrinka,Corentin_Moutet
749,749,749,20200110-M-Doha-SF-Stanislas_Wawrinka-Corentin_Moutet,68,1,0,1.0,2.0,15-40,13 (5),1,0,,1,2,SW,4*,,,0,,4*,,1,,0,0,4*,,,True,False,False,False,False,False,,,,0,1,1,30-40,0,1,2,0,1,0,1,15,40,20200110,M,Doha,SF,Stanislas_Wawrinka,Corentin_Moutet,,True,2,Save,BreakPoint,Stanislas_Wawrinka,Stanislas_Wawrinka,Corentin_Moutet
750,750,750,20200110-M-Doha-SF-Stanislas_Wawrinka-Corentin_Moutet,69,1,0,1.0,2.0,30-40,13 (6),1,0,,1,2,SW,6*,,,0,,6*,,1,,0,0,6*,,,True,False,False,False,False,False,,,,0,1,1,40-40,0,1,2,0,1,0,1,30,40,20200110,M,Doha,SF,Stanislas_Wawrinka,Corentin_Moutet,,True,2,Save,BreakPoint,Stanislas_Wawrinka,Stanislas_Wawrinka,Corentin_Moutet
779,779,779,20200110-M-Doha-SF-Stanislas_Wawrinka-Corentin_Moutet,98,1,0,4.0,5.0,40-0,19 (4),1,0,,1,2,SW,6w,4w,,0,0.0,6w,4w,0,0.0,0,0,6w,4w,,False,False,False,False,False,True,,,,0,2,0,40-15,0,4,5,0,1,0,0,40,0,20200110,M,Doha,SF,Stanislas_Wawrinka,Corentin_Moutet,,True,1,Save,SetPoint,Corentin_Moutet,Corentin_Moutet,Stanislas_Wawrinka
780,780,780,20200110-M-Doha-SF-Stanislas_Wawrinka-Corentin_Moutet,99,1,0,4.0,5.0,40-15,19 (5),1,0,,1,2,SW,4*,,,0,,4*,,1,,0,0,4*,,,True,False,False,False,False,False,,,,0,1,1,GM,1,5,5,0,1,0,1,40,15,20200110,M,Doha,SF,Stanislas_Wawrinka,Corentin_Moutet,,True,1,Win,SetPoint,Stanislas_Wawrinka,Stanislas_Wawrinka,Corentin_Moutet
791,791,791,20200110-M-Doha-SF-Stanislas_Wawrinka-Corentin_Moutet,110,1,0,5.0,6.0,30-40,21 (6),1,0,,1,2,SW,6w,4f38b3f3f2d@,,0,0.0,6w,4f38b3f3f2d@,0,1.0,0,1,6w,4,f38b3f3f2d@,False,False,False,False,True,False,f38b3f3f2d,f38b3f3f2,fbff,4,2,0,GM,2,5,7,2,1,1,4,30,40,20200110,M,Doha,SF,Stanislas_Wawrinka,Corentin_Moutet,,True,2,Win,SetPoint,Corentin_Moutet,Corentin_Moutet,Stanislas_Wawrinka
800,800,800,20200110-M-Doha-SF-Stanislas_Wawrinka-Corentin_Moutet,119,1,1,0.0,1.0,15-40,23 (5),1,0,,1,2,SW,4b2d#,,Moutet incorrect challenge,0,,4b2d#,,1,,1,0,4,,b2d#,False,False,False,True,False,False,b2d,b2,b,1,1,1,30-40,0,0,1,0,1,1,1,15,40,20200110,M,Doha,SF,Stanislas_Wawrinka,Corentin_Moutet,,True,2,Save,BreakPoint,Stanislas_Wawrinka,Stanislas_Wawrinka,Corentin_Moutet
801,801,801,20200110-M-Doha-SF-Stanislas_Wawrinka-Corentin_Moutet,120,1,1,0.0,1.0,30-40,23 (6),1,0,,1,2,SW,6b29f3f3f3*,,,0,,6b29f3f3f3*,,1,,1,0,6,,b29f3f3f3*,False,False,True,False,False,False,b29f3f3f3,b29f3f3f3,bfff,4,1,1,40-40,0,0,1,0,1,1,5,30,40,20200110,M,Doha,SF,Stanislas_Wawrinka,Corentin_Moutet,,True,2,Save,BreakPoint,Stanislas_Wawrinka,Stanislas_Wawrinka,Corentin_Moutet
803,803,803,20200110-M-Doha-SF-Stanislas_Wawrinka-Corentin_Moutet,122,1,1,0.0,1.0,40-AD,23 (8),1,0,,1,2,SW,6b29f1b1f2f1*,,,0,,6b29f1b1f2f1*,,1,,1,0,6,,b29f1b1f2f1*,False,False,True,False,False,False,b29f1b1f2f1,b29f1b1f2f1,bfbff,5,2,0,GM,2,0,2,0,1,1,6,40,50,20200110,M,Doha,SF,Stanislas_Wawrinka,Corentin_Moutet,,True,2,Win,BreakPoint,Corentin_Moutet,Corentin_Moutet,Stanislas_Wawrinka
815,815,815,20200110-M-Doha-SF-Stanislas_Wawrinka-Corentin_Moutet,134,1,1,0.0,3.0,30-40,25 (6),1,0,,1,2,SW,4d,4r37b1s2n#,,0,0.0,4d,4r37b1s2n#,0,1.0,0,1,4d,4,r37b1s2n#,False,False,False,True,False,False,r37b1s2n,r37b1s2,rbs,3,1,1,40-40,0,0,3,0,1,1,3,30,40,20200110,M,Doha,SF,Stanislas_Wawrinka,Corentin_Moutet,,True,2,Save,BreakPoint,Stanislas_Wawrinka,Stanislas_Wawrinka,Corentin_Moutet
817,817,817,20200110-M-Doha-SF-Stanislas_Wawrinka-Corentin_Moutet,136,1,1,0.0,3.0,40-AD,25 (8),1,0,,1,2,SW,6n,6b1n@,,0,0.0,6n,6b1n@,0,1.0,0,1,6n,6,b1n@,False,False,False,False,True,False,b1n,b1,b,1,1,1,40-40,0,0,3,0,1,1,1,40,50,20200110,M,Doha,SF,Stanislas_Wawrinka,Corentin_Moutet,,True,2,Save,BreakPoint,Stanislas_Wawrinka,Stanislas_Wawrinka,Corentin_Moutet
842,842,842,20200110-M-Doha-SF-Stanislas_Wawrinka-Corentin_Moutet,161,1,1,2.0,5.0,40-15,29 (5),1,0,,1,2,SW,4b38b3*,,,0,,4b38b3*,,1,,1,0,4,,b38b3*,False,False,True,False,False,False,b38b3,b38b3,bb,2,1,1,GM,1,3,5,0,1,1,3,40,15,20200110,M,Doha,SF,Stanislas_Wawrinka,Corentin_Moutet,,True,1,Win,SetPoint,Stanislas_Wawrinka,Stanislas_Wawrinka,Corentin_Moutet
848,848,848,20200110-M-Doha-SF-Stanislas_Wawrinka-Corentin_Moutet,167,1,1,3.0,5.0,40-30,30 (6),1,0,,2,1,CM,4s29f3b3f3b3f3b3f1*,,,0,,4s29f3b3f3b3f3b3f1*,,1,,1,0,4,,s29f3b3f3b3f3b3f1*,False,False,True,False,False,False,s29f3b3f3b3f3b3f1,s29f3b3f3b3f3b3f1,sfbfbfbf,8,2,1,GM,2,3,6,2,1,2,9,40,30,20200110,M,Doha,SF,Stanislas_Wawrinka,Corentin_Moutet,,True,2,Win,SetPoint,Corentin_Moutet,Corentin_Moutet,Stanislas_Wawrinka
858,858,858,20200110-M-Doha-SF-Andrey_Rublev-Miomir_Kecmanovic,10,0,0,1.0,0.0,15-40,2 (5),1,0,,2,1,MK,4f19f2b3*,,,0,,4f19f2b3*,,1,,1,0,4,,f19f2b3*,False,False,True,False,False,False,f19f2b3,f19f2b3,ffb,3,1,0,GM,1,2,0,0,0,0,4,15,40,20200110,M,Doha,SF,Andrey_Rublev,Miomir_Kecmanovic,,True,1,Win,BreakPoint,Andrey_Rublev,Andrey_Rublev,Miomir_Kecmanovic
881,881,881,20200110-M-Doha-SF-Andrey_Rublev-Miomir_Kecmanovic,33,0,0,4.0,1.0,40-AD,6 (8),1,0,,2,1,MK,c5r28f+3*,,,0,,5r28f+3*,,1,,1,0,5,,r28f+3*,False,False,True,False,False,False,r28f3,r28f3,rf,2,2,1,40-40,0,4,1,0,0,0,3,40,50,20200110,M,Doha,SF,Andrey_Rublev,Miomir_Kecmanovic,,True,1,Save,BreakPoint,Miomir_Kecmanovic,Miomir_Kecmanovic,Andrey_Rublev
892,892,892,20200110-M-Doha-SF-Andrey_Rublev-Miomir_Kecmanovic,44,0,0,5.0,2.0,40-15,8 (5),1,0,,2,1,MK,4+f3d#,,,1,,4f3d#,,1,,1,0,4,,f3d#,False,False,False,True,False,False,f3d,f3,f,1,2,1,GM,2,5,3,0,0,0,1,40,15,20200110,M,Doha,SF,Andrey_Rublev,Miomir_Kecmanovic,,True,2,Win,SetPoint,Miomir_Kecmanovic,Miomir_Kecmanovic,Andrey_Rublev
897,897,897,20200110-M-Doha-SF-Andrey_Rublev-Miomir_Kecmanovic,49,0,0,5.0,3.0,40-15,9 (5),1,0,,1,2,AR,6s28f3*,,,0,,6s28f3*,,1,,1,0,6,,s28f3*,False,False,True,False,False,False,s28f3,s28f3,sf,2,1,1,GM,1,6,3,1,1,0,3,40,15,20200110,M,Doha,SF,Andrey_Rublev,Miomir_Kecmanovic,,True,1,Win,SetPoint,Andrey_Rublev,Andrey_Rublev,Miomir_Kecmanovic
902,902,902,20200110-M-Doha-SF-Andrey_Rublev-Miomir_Kecmanovic,54,1,0,0.0,0.0,15-40,10 (5),1,0,,2,1,MK,6b38b3s3f2n@,,,0,,6b38b3s3f2n@,,1,,1,0,6,,b38b3s3f2n@,False,False,False,False,True,False,b38b3s3f2n,b38b3s3f2,bbsf,4,1,0,GM,1,1,0,0,1,0,4,15,40,20200110,M,Doha,SF,Andrey_Rublev,Miomir_Kecmanovic,,True,1,Win,BreakPoint,Andrey_Rublev,Andrey_Rublev,Miomir_Kecmanovic
927,927,927,20200110-M-Doha-SF-Andrey_Rublev-Miomir_Kecmanovic,79,1,0,3.0,1.0,15-40,14 (5),1,0,,2,1,MK,4f27r2b1*,,,0,,4f27r2b1*,,1,,1,0,4,,f27r2b1*,False,False,True,False,False,False,f27r2b1,f27r2b1,frb,3,1,0,GM,1,4,1,0,1,0,4,15,40,20200110,M,Doha,SF,Andrey_Rublev,Miomir_Kecmanovic,,True,1,Win,BreakPoint,Andrey_Rublev,Andrey_Rublev,Miomir_Kecmanovic
939,939,939,20200110-M-Doha-SF-Andrey_Rublev-Miomir_Kecmanovic,91,1,0,5.0,1.0,30-40,16 (6),1,0,,2,1,MK,4b3n#,,,0,,4b3n#,,1,,1,0,4,,b3n#,False,False,False,True,False,False,b3n,b3,b,1,2,1,40-40,0,5,1,0,1,0,1,30,40,20200110,M,Doha,SF,Andrey_Rublev,Miomir_Kecmanovic,,True,1,Save,SetPoint,Miomir_Kecmanovic,Miomir_Kecmanovic,Andrey_Rublev
941,941,941,20200110-M-Doha-SF-Andrey_Rublev-Miomir_Kecmanovic,93,1,0,5.0,1.0,40-AD,16 (8),1,0,,2,1,MK,5d,5b37s3f3*,,0,0.0,5d,5b37s3f3*,0,1.0,0,1,5d,5,b37s3f3*,False,False,True,False,False,False,b37s3f3,b37s3f3,bsf,3,1,0,GM,1,6,1,1,2,0,4,40,50,20200110,M,Doha,SF,Andrey_Rublev,Miomir_Kecmanovic,,True,1,Win,SetPoint,Andrey_Rublev,Andrey_Rublev,Miomir_Kecmanovic
959,959,959,20200109-M-ATP_Cup-QF-Alex_De_Minaur-Daniel_Evans,18,0,0,1.0,0.0,40-AD,2 (14),1,0,,2,1,DE,4b38f1d@,,Evans challenges his last ball; which is out.,0,,4b38f1d@,,1,,1,0,4,,b38f1d@,False,False,False,False,True,False,b38f1d,b38f1,bf,2,1,0,GM,1,2,0,0,0,0,2,40,50,20200109,M,ATP_Cup,QF,Alex_De_Minaur,Daniel_Evans,,True,1,Win,BreakPoint,Alex_De_Minaur,Alex_De_Minaur,Daniel_Evans
973,973,973,20200109-M-ATP_Cup-QF-Alex_De_Minaur-Daniel_Evans,32,0,0,3.0,1.0,15-40,5 (5),1,0,,1,2,ADM,6*,,,0,,6*,,1,,0,0,6*,,,True,False,False,False,False,False,,,,0,1,1,30-40,0,3,1,0,0,0,1,15,40,20200109,M,ATP_Cup,QF,Alex_De_Minaur,Daniel_Evans,,True,2,Save,BreakPoint,Alex_De_Minaur,Alex_De_Minaur,Daniel_Evans
974,974,974,20200109-M-ATP_Cup-QF-Alex_De_Minaur-Daniel_Evans,33,0,0,3.0,1.0,30-40,5 (6),1,0,,1,2,ADM,4s37f38b29b29f38b38f39b38f19*,,,0,,4s37f38b29b29f38b38f39b38f19*,,1,,1,0,4,,s37f38b29b29f38b38f39b38f19*,False,False,True,False,False,False,s37f38b29b29f38b38f39b38f19,s37f38b29b29f38b38f39b38f19,sfbbfbfbf,9,2,0,GM,2,3,2,0,0,0,10,30,40,20200109,M,ATP_Cup,QF,Alex_De_Minaur,Daniel_Evans,,True,2,Win,BreakPoint,Daniel_Evans,Daniel_Evans,Alex_De_Minaur
998,998,998,20200109-M-ATP_Cup-QF-Alex_De_Minaur-Daniel_Evans,57,0,0,5.0,4.0,40-15,10 (5),1,0,,2,1,DE,6b38f28f18f17f+38m3p37s-1w#,,Evans tries to play the ball past the post but it's out.,0,,6b38f28f18f17f+38m3p37s-1w#,,1,,1,0,6,,b38f28f18f17f+38m3p37s-1w#,False,False,False,True,False,False,b38f28f18f17f38m3p37s1w,b38f28f18f17f38m3p37s1,bffffmps,8,1,0,40-30,0,5,4,0,0,0,8,40,15,20200109,M,ATP_Cup,QF,Alex_De_Minaur,Daniel_Evans,,True,2,Save,SetPoint,Alex_De_Minaur,Alex_De_Minaur,Daniel_Evans
999,999,999,20200109-M-ATP_Cup-QF-Alex_De_Minaur-Daniel_Evans,58,0,0,5.0,4.0,40-30,10 (6),1,0,,2,1,DE,4w,4b29f39b38f3w@,Evans gets a warning for a time violation.,0,0.0,4w,4b29f39b38f3w@,0,1.0,0,1,4w,4,b29f39b38f3w@,False,False,False,False,True,False,b29f39b38f3w,b29f39b38f3,bfbf,4,1,0,40-40,0,5,4,0,0,0,4,40,30,20200109,M,ATP_Cup,QF,Alex_De_Minaur,Daniel_Evans,,True,2,Save,SetPoint,Alex_De_Minaur,Alex_De_Minaur,Daniel_Evans
